City_ID,City,Country,Date,Lat,Lng,Max Temp,Humidity,Cloudiness,Wind Speed
0,Hobart,AU,2022-01-26 16:12:04,-42.8794,147.3294,62.06,77,84,1.99
1,Ushuaia,AR,2022-01-26 16:12:04,-54.8,-68.3,53.26,62,75,28.77
2,Ribeira Grande,PT,2022-01-26 16:12:05,38.5167,-28.7,63.0,67,75,9.22
3,Khatanga,RU,2022-01-26 16:12:05,71.9667,102.5,-7.76,87,49,9.51
4,Hermanus,ZA,2022-01-26 16:12:06,-34.4187,19.2345,71.8,82,98,14.54
5,Dingle,PH,2022-01-26 16:12:06,10.9995,122.6711,75.79,93,37,6.44
6,Busselton,AU,2022-01-26 16:12:07,-33.65,115.3333,64.09,75,100,13.78
7,Arauca,CO,2022-01-26 16:12:07,7.0847,-70.7591,90.72,40,100,8.93
8,Russkaya Polyana,UA,2022-01-26 16:12:08,49.417,31.9201,23.68,89,100,9.86
9,Rikitea,PF,2022-01-26 16:12:08,-23.1203,-134.9692,78.12,76,3,20.89
10,San Pedro,PH,2022-01-26 16:12:09,14.35,121.0167,78.1,88,100,10.09
11,Husavik,IS,2022-01-26 16:12:09,66.0449,-17.3389,23.56,77,100,8.23
12,Vaini,TO,2022-01-26 16:12:10,-21.2,-175.2,71.76,100,20,2.3
13,Hilo,US,2022-01-26 16:12:10,19.7297,-155.09,68.25,87,75,5.75
14,Risod,IN,2022-01-26 16:12:11,19.9667,76.7833,61.97,35,0,9.48
15,Vestmannaeyjar,IS,2022-01-26 16:12:11,63.4427,-20.2734,31.19,80,20,9.22
16,Saskylakh,RU,2022-01-26 16:12:12,71.9167,114.0833,6.93,76,14,14.99
17,Valparaiso,CL,2022-01-26 16:10:40,-33.0393,-71.6273,67.48,69,40,5.75
18,Saint George,US,2022-01-26 16:11:59,37.1041,-113.5841,38.35,58,0,4.61
19,Coihaique,CL,2022-01-26 16:12:13,-45.5752,-72.0662,72.21,35,0,8.05
20,New Norfolk,AU,2022-01-26 16:12:14,-42.7826,147.0587,61.72,68,82,1.01
21,Kahului,US,2022-01-26 16:12:14,20.8947,-156.47,72.84,74,0,5.75
22,Mount Isa,AU,2022-01-26 16:12:15,-20.7333,139.5,76.77,100,100,8.05
23,Souillac,MU,2022-01-26 16:12:15,-20.5167,57.5167,77.38,61,20,6.91
24,Albany,US,2022-01-26 16:12:16,42.6001,-73.9662,19.36,50,3,1.99
25,Takoradi,GH,2022-01-26 16:12:16,4.8845,-1.7554,84.42,59,15,8.14
26,Ilulissat,GL,2022-01-26 16:12:17,69.2167,-51.1,12.22,57,75,12.66
27,Luderitz,NA,2022-01-26 16:12:17,-26.6481,15.1594,80.69,51,1,28.19
28,Pundaguitan,PH,2022-01-26 16:12:18,6.3711,126.1689,80.94,79,67,10.07
29,Port Hardy,CA,2022-01-26 16:12:18,50.6996,-127.4199,35.78,93,100,3.44
30,Vardo,NO,2022-01-26 16:12:19,70.3705,31.1107,20.95,79,71,25.32
31,Kodiak,US,2022-01-26 16:12:19,57.79,-152.4072,31.51,80,100,5.75
32,Sarkand,KZ,2022-01-26 16:12:20,45.41,79.9186,14.83,71,33,7.61
33,Samarai,PG,2022-01-26 16:12:21,-10.6167,150.6667,82.0,80,82,5.82
34,Mar Del Plata,AR,2022-01-26 16:12:21,-38.0023,-57.5575,71.01,61,100,25.99
35,Puerto Ayora,EC,2022-01-26 16:12:22,-0.7393,-90.3518,80.56,76,96,8.57
36,Hueytown,US,2022-01-26 16:12:22,33.4512,-86.9967,40.78,49,0,12.66
37,Avarua,CK,2022-01-26 16:12:23,-21.2078,-159.775,78.85,89,75,10.36
38,Saint-Philippe,RE,2022-01-26 16:12:23,-21.3585,55.7679,76.59,66,30,10.2
39,Awjilah,LY,2022-01-26 16:12:23,29.1081,21.2869,53.67,47,54,11.92
40,Kavieng,PG,2022-01-26 16:12:24,-2.5744,150.7967,82.83,78,96,8.95
41,Tarbagatay,RU,2022-01-26 16:12:24,51.4803,107.3602,-6.27,100,67,3.06
42,East London,ZA,2022-01-26 16:12:25,-33.0153,27.9116,74.34,94,75,10.36
43,Tilichiki,RU,2022-01-26 16:12:26,60.4667,166.1,2.01,95,100,9.31
44,Cockburn Town,TC,2022-01-26 16:12:26,21.4612,-71.1419,78.04,67,11,7.83
45,Hithadhoo,MV,2022-01-26 16:12:27,-0.6,73.0833,81.41,72,100,18.95
46,Longyearbyen,SJ,2022-01-26 16:12:27,78.2186,15.6401,12.04,57,40,17.27
47,Qaqortoq,GL,2022-01-26 16:13:28,60.7167,-46.0333,21.7,92,87,2.77
48,Butaritari,KI,2022-01-26 16:13:28,3.0707,172.7902,80.87,81,60,14.43
49,San Luis,AR,2022-01-26 16:09:36,-33.295,-66.3356,86.43,44,60,17.58
50,Georgetown,MY,2022-01-26 16:13:29,5.4112,100.3354,82.33,83,20,2.3
51,Jamestown,US,2022-01-26 16:13:30,42.097,-79.2353,18.72,10,99,6.96
52,Tautira,PF,2022-01-26 16:13:30,-17.7333,-149.15,77.02,80,88,17.0
53,Werda,BW,2022-01-26 16:13:31,-25.2667,23.2833,88.05,29,91,7.0
54,Port Blair,IN,2022-01-26 16:13:31,11.6667,92.75,78.84,78,40,5.75
55,Punta Arenas,CL,2022-01-26 16:12:39,-53.15,-70.9167,53.71,60,0,21.85
56,Pio Xii,BR,2022-01-26 16:13:32,-3.8325,-45.1525,84.83,76,93,0.29
57,Wichita Falls,US,2022-01-26 16:09:29,33.9137,-98.4934,33.17,36,75,6.91
58,Cururupu,BR,2022-01-26 16:13:33,-1.8283,-44.8683,84.63,69,68,6.64
59,Westport,US,2022-01-26 16:13:33,41.1415,-73.3579,27.86,46,0,1.01
60,Aripuana,BR,2022-01-26 16:13:34,-9.1667,-60.6333,76.73,93,100,4.94
61,Cape Town,ZA,2022-01-26 16:12:14,-33.9258,18.4232,75.34,71,43,5.01
62,Tiksi,RU,2022-01-26 16:13:34,71.6872,128.8694,-1.77,89,68,19.89
63,Sechura,PE,2022-01-26 16:13:35,-5.5569,-80.8222,78.49,60,79,4.99
64,Ponta Do Sol,PT,2022-01-26 16:13:35,32.6667,-17.1,65.12,46,98,5.61
65,Mataura,NZ,2022-01-26 16:13:36,-46.1927,168.8643,50.49,98,65,3.51
66,Pisco,PE,2022-01-26 16:12:59,-13.7,-76.2167,74.01,73,0,8.05
67,Port Alfred,ZA,2022-01-26 16:13:37,-33.5906,26.891,71.64,86,100,15.14
68,Homer,US,2022-01-26 16:10:03,59.6425,-151.5483,28.27,87,100,6.33
69,Palmer,US,2022-01-26 16:13:38,42.1584,-72.3287,23.5,40,20,1.01
70,Bambous Virieux,MU,2022-01-26 16:13:39,-20.3428,57.7575,77.25,61,20,6.91
71,Nemuro,JP,2022-01-26 16:13:39,43.3236,145.575,27.43,94,100,6.35
72,Kununurra,AU,2022-01-26 16:13:40,-15.7667,128.7333,80.58,78,96,10.36
73,Codrington,AU,2022-01-26 16:13:40,-38.2667,141.9667,66.7,89,46,5.44
74,Guerrero Negro,MX,2022-01-26 16:09:06,27.9769,-114.0611,58.89,68,56,3.44
75,Kapaa,US,2022-01-26 16:13:41,22.0752,-159.319,71.92,80,75,11.5
76,Cabo Rojo,PR,2022-01-26 16:13:41,18.0866,-67.1457,85.28,57,10,5.46
77,Linqu,CN,2022-01-26 16:13:42,36.5156,118.5397,28.49,84,87,3.44
78,Pevek,RU,2022-01-26 16:12:15,69.7008,170.3133,-35.25,99,48,4.21
79,Muros,ES,2022-01-26 16:13:42,42.7762,-9.0603,60.84,46,0,4.59
80,Pitimbu,BR,2022-01-26 16:13:43,-7.4706,-34.8086,88.39,62,53,11.63
81,Fortuna,US,2022-01-26 16:12:29,40.5982,-124.1573,35.94,51,5,4.43
82,Vanimo,PG,2022-01-26 16:13:44,-2.6741,141.3028,78.46,88,79,1.79
83,Ormara,PK,2022-01-26 16:13:44,25.2088,64.6357,69.31,44,0,6.46
84,Yellowknife,CA,2022-01-26 16:10:09,62.456,-114.3525,7.41,91,98,5.99
85,Kamyshlov,RU,2022-01-26 16:13:45,56.8428,62.7111,3.88,91,98,6.46
86,Tuatapere,NZ,2022-01-26 16:13:45,-46.1333,167.6833,50.83,83,84,7.4
87,Tete,MZ,2022-01-26 16:13:46,-16.1564,33.5867,77.77,91,96,3.78
88,Namatanai,PG,2022-01-26 16:13:47,-3.6667,152.4333,80.55,82,100,5.86
89,Port Elizabeth,ZA,2022-01-26 16:13:47,-33.918,25.5701,72.1,81,92,12.5
90,Tasiilaq,GL,2022-01-26 16:13:47,65.6145,-37.6368,14.16,65,100,4.81
91,Kaeo,NZ,2022-01-26 16:13:48,-35.1,173.7833,67.32,96,100,4.63
92,Tuktoyaktuk,CA,2022-01-26 16:13:48,69.4541,-133.0374,3.2,72,75,19.57
93,Hassan,IN,2022-01-26 16:13:49,13.0006,76.0994,62.94,89,54,10.33
94,Mount Gambier,AU,2022-01-26 16:14:50,-37.8333,140.7667,66.49,92,24,2.77
95,Sao Filipe,CV,2022-01-26 16:14:50,14.8961,-24.4956,78.58,56,12,12.82
96,Qaanaaq,GL,2022-01-26 16:14:51,77.484,-69.3632,-8.66,60,98,7.36
97,Smidovich,RU,2022-01-26 16:14:51,48.6,133.8167,-14.84,100,98,2.66
98,Sydney,AU,2022-01-26 16:10:26,-33.8679,151.2073,70.9,77,75,4.0
99,Cidreira,BR,2022-01-26 16:14:52,-30.1811,-50.2056,85.62,64,41,11.25
100,Faxinal,BR,2022-01-26 16:14:53,-24.0003,-51.3194,91.96,33,27,5.66
101,Ignalina,LT,2022-01-26 16:14:53,55.35,26.1667,23.52,94,100,7.14
102,Castro,BR,2022-01-26 16:14:54,-24.7911,-50.0119,85.26,47,68,5.7
103,Jalu,LY,2022-01-26 16:14:54,29.0331,21.5482,53.29,47,34,12.39
104,Bluff,NZ,2022-01-26 16:14:55,-46.6,168.3333,50.81,76,12,14.85
105,Gazanjyk,TM,2022-01-26 16:10:16,39.2446,55.5154,45.61,45,0,12.68
106,Male,MV,2022-01-26 16:14:56,4.1748,73.5089,81.18,63,100,14.18
107,Provideniya,RU,2022-01-26 16:14:56,64.3833,-173.3,-10.82,92,35,3.53
108,Ust-Omchug,RU,2022-01-26 16:14:57,61.15,149.6333,-30.23,99,94,4.38
109,Aranda De Duero,ES,2022-01-26 16:14:57,41.6704,-3.6892,50.07,38,0,11.59
110,Bantou,CN,2022-01-26 16:14:58,26.2151,117.4893,60.19,92,49,1.72
111,Tual,ID,2022-01-26 16:14:58,-5.6667,132.75,83.62,78,95,6.67
112,Bethel,US,2022-01-26 16:12:38,41.3712,-73.414,26.01,50,20,3.0
113,Taoudenni,ML,2022-01-26 16:14:59,22.6783,-3.9836,82.81,10,36,11.16
114,Saldanha,ZA,2022-01-26 16:15:00,-33.0117,17.9442,66.4,85,16,26.78
115,Santander,ES,2022-01-26 16:11:11,43.4647,-3.8044,56.32,65,0,10.0
116,Kindu,CD,2022-01-26 16:15:00,-2.95,25.95,76.75,82,97,2.55
117,Quatre Cocos,MU,2022-01-26 16:15:01,-20.2078,57.7625,77.11,62,2,12.17
118,Bonavista,CA,2022-01-26 16:15:02,48.6499,-53.1147,39.11,97,100,14.99
119,Dikson,RU,2022-01-26 16:15:02,73.5069,80.5464,13.01,93,100,28.83
120,Khuzhir,RU,2022-01-26 16:12:13,53.1939,107.3397,3.6,92,92,1.68
121,Frankenberg,DE,2022-01-26 16:15:03,51.0667,8.8,35.33,84,100,7.25
122,Esperance,AU,2022-01-26 16:15:04,-33.8667,121.9,65.46,85,100,9.44
123,Tucurui,BR,2022-01-26 16:15:04,-3.7661,-49.6725,83.23,76,76,3.4
124,Santa Vitoria Do Palmar,BR,2022-01-26 16:15:05,-33.5189,-53.3681,70.79,98,100,6.11
125,Paciran,ID,2022-01-26 16:15:05,-6.8767,112.3761,79.36,87,94,14.61
126,Evensk,RU,2022-01-26 16:12:16,61.95,159.2333,1.53,87,100,7.07
127,Itarema,BR,2022-01-26 16:15:06,-2.9248,-39.9167,86.7,60,84,16.13
128,Necochea,AR,2022-01-26 16:15:07,-38.5473,-58.7368,71.04,43,50,23.33
129,Nikolskoye,RU,2022-01-26 16:15:08,59.7035,30.7861,26.71,93,100,6.58
130,Watsa,CD,2022-01-26 16:15:08,3.0372,29.5355,81.81,28,28,3.22
131,Quang Ngai,VN,2022-01-26 16:15:09,15.1167,108.8,70.27,93,5,3.69
132,Hualmay,PE,2022-01-26 16:15:09,-11.0964,-77.6139,75.07,73,51,9.8
133,Mitsamiouli,KM,2022-01-26 16:15:10,-11.3847,43.2844,81.05,75,89,5.91
134,Calama,CL,2022-01-26 16:15:11,-22.4667,-68.9333,73.89,20,20,20.71
135,Pontianak,ID,2022-01-26 16:15:11,-0.0333,109.3333,78.78,94,40,0.0
136,Lata,PT,2022-01-26 16:15:12,40.1629,-8.3327,60.93,47,7,5.28
137,Iqaluit,CA,2022-01-26 16:15:12,63.7506,-68.5145,-18.31,68,100,3.44
138,Aykhal,RU,2022-01-26 16:15:13,66.0,111.5,-5.73,82,98,5.19
139,Phan Thiet,VN,2022-01-26 16:12:54,10.9333,108.1,73.31,88,12,5.12
140,Natchitoches,US,2022-01-26 16:16:14,31.7668,-93.1335,39.18,44,0,9.22
141,La Palma,US,2022-01-26 16:16:14,33.8464,-118.0467,61.3,89,100,0.0
142,Okato,NZ,2022-01-26 16:16:15,-39.2,173.8833,61.92,85,56,17.16
143,Indian Head,US,2022-01-26 16:16:16,38.6001,-77.1622,33.24,43,0,8.01
144,Nosy Varika,MG,2022-01-26 16:16:17,-20.5833,48.5333,75.56,75,61,6.11
145,Mantua,IT,2022-01-26 16:16:17,45.1667,10.7833,43.7,90,0,1.99
146,Mbandaka,CD,2022-01-26 16:16:18,0.0487,18.2603,87.48,40,95,3.87
147,Klaksvik,FO,2022-01-26 16:16:18,62.2266,-6.589,40.12,99,100,21.14
148,Ibra,OM,2022-01-26 16:16:19,22.6906,58.5334,68.49,38,9,6.49
149,Alofi,NU,2022-01-26 16:16:19,-19.0595,-169.9187,75.09,94,5,1.14
150,Paramonga,PE,2022-01-26 16:16:20,-10.6667,-77.8333,74.77,74,72,10.11
151,Kalanguy,RU,2022-01-26 16:12:14,51.0167,116.5167,-14.37,100,62,3.71
152,Berlevag,NO,2022-01-26 16:16:21,70.8578,29.0864,26.6,74,0,23.02
153,Tiznit,MA,2022-01-26 16:16:22,29.5833,-9.5,61.61,39,41,11.3
154,Victoria,HK,2022-01-26 16:15:32,22.2855,114.1577,67.96,90,83,1.01
155,Ahipara,NZ,2022-01-26 16:16:22,-35.1667,173.1667,67.48,96,100,8.99
156,Chokurdakh,RU,2022-01-26 16:16:23,70.6333,147.9167,-29.67,99,32,10.22
157,Kyra,RU,2022-01-26 16:16:24,49.5776,111.9753,-8.05,95,15,4.54
158,Orlik,RU,2022-01-26 16:16:24,52.5178,99.825,-17.52,96,66,2.71
159,Walvis Bay,NA,2022-01-26 16:16:25,-22.9575,14.5053,72.55,68,0,8.05
160,Makakilo City,US,2022-01-26 16:16:25,21.3469,-158.0858,71.92,78,75,4.61
161,Bathsheba,BB,2022-01-26 16:16:26,13.2167,-59.5167,83.01,61,20,13.8
162,Nanortalik,GL,2022-01-26 16:16:26,60.1432,-45.2371,21.96,82,100,12.82
163,Fernley,US,2022-01-26 16:15:02,39.608,-119.2518,32.85,51,2,2.3
164,Ati,TD,2022-01-26 16:16:27,13.2154,18.3353,84.92,13,29,12.84
165,Grand Gaube,MU,2022-01-26 16:16:28,-20.0064,57.6608,77.4,62,4,5.01
166,Namibe,AO,2022-01-26 16:16:29,-15.1961,12.1522,78.57,77,10,10.71
167,Palembang,ID,2022-01-26 16:16:29,-2.9167,104.7458,80.69,83,20,3.44
168,Dauphin,CA,2022-01-26 16:16:30,51.1494,-100.0502,32.14,80,40,24.16
169,Sorland,NO,2022-01-26 16:16:31,67.667,12.6934,39.06,78,92,14.83
170,Arraial Do Cabo,BR,2022-01-26 16:16:31,-22.9661,-42.0278,89.56,58,0,16.11
171,Vila Franca Do Campo,PT,2022-01-26 16:16:32,37.7167,-25.4333,64.2,77,56,11.14
172,Geraldton,AU,2022-01-26 16:16:33,-28.7667,114.6,70.21,78,0,14.97
173,Airai,TL,2022-01-26 16:16:33,-8.9266,125.4092,61.86,87,100,2.91
174,Soe,ID,2022-01-26 16:16:34,-9.8607,124.284,67.59,89,94,3.85
175,Gander,CA,2022-01-26 16:16:34,48.9682,-54.5906,35.17,90,100,11.01
176,Imeni Poliny Osipenko,RU,2022-01-26 16:12:14,52.4201,136.4853,-16.01,100,99,1.57
177,Manadhoo,MV,2022-01-26 16:16:35,5.7667,73.3833,80.74,57,95,7.45
178,Norman Wells,CA,2022-01-26 16:16:35,65.282,-126.8329,15.84,79,75,12.66
179,Coquimbo,CL,2022-01-26 16:16:33,-29.9533,-71.3436,65.93,72,40,13.8
180,Lagoa,PT,2022-01-26 16:16:36,39.05,-27.9833,58.57,79,63,12.59
181,Monte Patria,CL,2022-01-26 16:16:37,-30.6919,-70.9467,80.92,39,0,8.05
182,Gizeh,EG,2022-01-26 16:16:37,30.0081,31.2109,49.21,70,74,13.24
183,Monterey,US,2022-01-26 16:16:38,36.2505,-121.2516,40.77,1,0,2.44
184,Rocha,UY,2022-01-26 16:16:38,-34.4833,-54.3333,78.66,81,96,6.4
185,Atuona,PF,2022-01-26 16:12:29,-9.8,-139.0333,78.48,74,20,20.02
186,Wattegama,LK,2022-01-26 16:16:39,6.7989,81.4808,69.62,85,76,2.84
187,Ranong,TH,2022-01-26 16:17:40,9.9658,98.6348,75.51,90,13,5.61
188,Boa Vista,BR,2022-01-26 16:17:40,2.8197,-60.6733,91.38,40,40,9.22
189,Isangel,VU,2022-01-26 16:17:41,-19.55,169.2667,78.21,83,100,4.74
190,Leningradskiy,RU,2022-01-26 16:17:42,69.3833,178.4167,-26.82,89,77,2.8
191,Cherskiy,RU,2022-01-26 16:17:42,68.75,161.3,-44.28,99,46,3.83
192,Tiarei,PF,2022-01-26 16:17:43,-17.5333,-149.3333,77.02,79,91,17.58
193,Nabire,ID,2022-01-26 16:17:44,-3.3667,135.4833,76.59,90,100,4.27
194,Dzhebariki-Khaya,RU,2022-01-26 16:17:45,62.2167,135.8,-39.37,100,94,0.38
195,Nangomba,TZ,2022-01-26 16:17:45,-10.9,38.5,76.75,79,84,4.41
196,Aklavik,CA,2022-01-26 16:17:46,68.2191,-135.0107,5.83,85,100,6.91
197,La Ronge,CA,2022-01-26 16:17:46,55.1001,-105.2842,21.45,86,100,12.66
198,Meadow Lake,US,2022-01-26 16:17:47,34.8014,-106.5436,32.49,63,98,3.18
199,Nizwa,OM,2022-01-26 16:17:48,22.9333,57.5333,71.26,32,9,3.42
200,Upernavik,GL,2022-01-26 16:17:49,72.7868,-56.1549,-6.59,67,28,7.05
201,Rivadavia,AR,2022-01-26 16:17:49,-33.1905,-68.4608,84.67,37,0,13.2
202,Tamandare,BR,2022-01-26 16:17:50,-8.7597,-35.1047,85.28,62,17,10.25
203,Qujing,CN,2022-01-26 16:17:50,25.4833,103.7833,46.6,81,12,9.57
204,Tazovskiy,RU,2022-01-26 16:17:51,67.4667,78.7,7.68,93,100,18.92
205,Thompson,CA,2022-01-26 16:17:51,55.7435,-97.8558,8.76,78,100,12.66
206,Barrow,US,2022-01-26 16:15:01,71.2906,-156.7887,-11.18,70,0,18.41
207,Aljezur,PT,2022-01-26 16:17:52,37.3191,-8.8033,60.33,55,77,6.13
208,Tailai,CN,2022-01-26 16:17:53,46.3833,123.4,-3.82,92,13,4.61
209,Ola,RU,2022-01-26 16:17:53,59.5833,151.2833,-3.12,82,100,10.16
210,Tigil,RU,2022-01-26 16:17:54,57.8,158.6667,-19.48,100,67,2.04
211,Kigorobya,UG,2022-01-26 16:17:54,1.6162,31.3089,80.92,36,22,2.71
212,Nome,US,2022-01-26 16:17:55,64.5011,-165.4064,-18.33,69,0,3.44
213,Pandan,PH,2022-01-26 16:17:56,14.0453,124.1694,77.68,88,93,8.1
214,Ararat,AM,2022-01-26 16:15:47,39.8317,44.7049,36.5,79,27,2.64
215,Torbay,CA,2022-01-26 16:15:34,47.6666,-52.7314,39.27,95,100,20.71
216,Hovd,MN,2022-01-26 16:17:57,48.0056,91.6419,-12.32,87,22,2.04
217,Acapulco,MX,2022-01-26 16:17:58,16.8634,-99.8901,80.42,65,0,4.61
218,Kuusamo,FI,2022-01-26 16:17:58,65.9667,29.1833,15.84,92,100,9.22
219,Paita,PE,2022-01-26 16:17:59,-5.0892,-81.1144,79.36,70,96,5.55
220,Sur,OM,2022-01-26 16:17:59,22.5667,59.5289,69.87,46,7,3.4
221,Rumoi,JP,2022-01-26 16:18:00,43.9344,141.6428,29.84,84,100,9.26
222,Dongsheng,CN,2022-01-26 16:18:00,39.8161,109.9776,14.67,62,62,5.82
223,Nantucket,US,2022-01-26 16:14:20,41.2835,-70.0995,30.31,55,20,17.27
224,Farafangana,MG,2022-01-26 16:18:01,-22.8167,47.8333,74.57,75,16,6.87
225,Stokmarknes,NO,2022-01-26 16:18:02,68.5646,14.9108,33.76,74,20,5.75
226,Sambava,MG,2022-01-26 16:18:02,-14.2667,50.1667,78.01,80,85,13.85
227,Puerto Colombia,CO,2022-01-26 16:14:29,10.9878,-74.9547,86.09,72,64,16.06
228,Liberta,AG,2022-01-26 16:18:04,17.0333,-61.7833,81.14,70,20,5.01
229,Valdivia,CL,2022-01-26 16:18:04,-39.8142,-73.2459,73.49,30,1,2.55
230,San Quintin,MX,2022-01-26 16:18:05,30.4833,-115.95,57.51,68,100,1.77
231,Los Llanos De Aridane,ES,2022-01-26 16:19:05,28.6585,-17.9182,62.35,75,40,3.0
232,Kyshtovka,RU,2022-01-26 16:19:06,56.555,76.6271,-9.78,100,79,2.82
233,Lusambo,CD,2022-01-26 16:19:07,-4.9667,23.45,78.71,79,94,2.13
234,Laje,BR,2022-01-26 16:19:07,-10.1833,-40.9667,82.26,59,95,7.11
235,Benguela,AO,2022-01-26 16:19:08,-12.5763,13.4055,79.39,78,96,9.82
236,Snezhnogorsk,RU,2022-01-26 16:19:09,69.1933,33.2531,-4.22,96,28,9.75
237,Caravelas,BR,2022-01-26 16:19:10,-17.7125,-39.2481,81.3,68,100,6.04
238,Baykit,RU,2022-01-26 16:19:10,61.67,96.37,-18.96,100,54,1.52
239,Lavrentiya,RU,2022-01-26 16:19:11,65.5833,-171.0,-22.74,88,14,2.8
240,Havelock,US,2022-01-26 16:19:12,34.8791,-76.9013,41.05,67,100,4.0
241,The Valley,AI,2022-01-26 16:19:12,18.217,-63.0578,84.06,65,40,11.5
242,Lander,US,2022-01-26 16:19:13,42.833,-108.7307,18.41,67,0,5.75
243,College,US,2022-01-26 16:17:15,64.8569,-147.8028,-2.25,75,75,0.0
244,Valleyview,CA,2022-01-26 16:19:14,55.0667,-117.2859,32.04,69,100,10.36
245,Kamalasai,TH,2022-01-26 16:19:15,16.3384,103.5756,81.97,99,7,1.43
246,Dunedin,NZ,2022-01-26 16:19:15,-45.8742,170.5036,51.8,74,32,17.0
247,Sayyan,YE,2022-01-26 16:19:16,15.1718,44.3244,57.27,30,0,2.59
248,Chuy,UY,2022-01-26 16:19:16,-33.6971,-53.4616,70.77,97,100,6.35
249,Fukuma,JP,2022-01-26 16:19:17,33.7667,130.4667,42.8,63,100,3.8
250,Lebu,CL,2022-01-26 16:19:18,-37.6167,-73.65,66.6,68,13,10.11
251,Kuryk,KZ,2022-01-26 16:19:18,43.2,51.65,41.9,54,35,12.35
252,Bredasdorp,ZA,2022-01-26 16:19:19,-34.5322,20.0403,71.28,82,100,14.97
253,Ilo,PE,2022-01-26 16:19:20,-17.6394,-71.3375,74.26,60,75,8.05
254,Chupa,RU,2022-01-26 16:19:20,66.27,33.0549,5.45,97,44,4.61
255,Yar-Sale,RU,2022-01-26 16:19:21,66.8333,70.8333,6.1,94,98,12.82
256,Manaure,CO,2022-01-26 16:19:21,11.7751,-72.4445,85.19,56,56,15.39
257,Taltal,CL,2022-01-26 16:19:22,-25.4,-70.4833,70.84,65,0,7.87
258,Belen,TR,2022-01-26 16:19:23,36.4891,36.2233,33.94,100,75,13.8
259,Alekseyevka,RU,2022-01-26 16:19:23,50.6309,38.6903,8.94,98,97,3.24
260,Belem De Sao Francisco,BR,2022-01-26 16:19:24,-8.7539,-38.9658,95.04,30,61,9.44
261,Thyboron,DK,2022-01-26 16:19:25,56.6985,8.2124,44.19,88,95,21.32
262,Inuvik,CA,2022-01-26 16:19:26,68.3499,-133.7218,5.86,85,100,3.44
263,Tutoia,BR,2022-01-26 16:19:26,-2.7619,-42.2744,89.58,76,81,12.15
264,Gimli,CA,2022-01-26 16:19:27,50.6336,-96.9907,6.82,85,100,19.57
265,Atambua,ID,2022-01-26 16:19:27,-9.1061,124.8925,75.42,89,100,6.15
266,Liverpool,GB,2022-01-26 16:15:16,53.4106,-2.9779,48.78,76,40,4.0
267,Basavakalyan,IN,2022-01-26 16:19:28,17.8667,76.95,67.21,43,0,9.84
268,Ojinaga,MX,2022-01-26 16:16:11,29.5667,-104.4167,53.56,62,0,5.75
269,Anqing,CN,2022-01-26 16:19:29,30.5092,117.0506,37.89,94,100,9.19
270,Narsaq,GL,2022-01-26 16:19:29,60.9167,-46.05,21.42,88,90,3.69
271,Adre,TD,2022-01-26 16:19:30,13.4667,22.2,76.53,17,50,16.22
272,Russell,US,2022-01-26 16:19:30,32.3502,-85.1999,47.48,41,0,10.36
273,Tazmalt,DZ,2022-01-26 16:20:31,36.3868,4.3989,56.84,47,0,4.47
274,Luebo,CD,2022-01-26 16:20:32,-5.35,21.4167,76.5,82,99,3.51
275,Jacareacanga,BR,2022-01-26 16:20:32,-6.2222,-57.7528,73.18,91,100,1.88
276,Martaban,MM,2022-01-26 16:20:33,16.5314,97.6111,71.64,48,5,2.55
277,Teya,RU,2022-01-26 16:20:33,60.3778,92.6267,-19.07,100,48,1.92
278,Bambari,CF,2022-01-26 16:20:34,5.768,20.6757,96.04,12,92,6.35
279,Fairbanks,US,2022-01-26 16:20:34,64.8378,-147.7164,-5.98,77,100,0.0
280,Okhotsk,RU,2022-01-26 16:20:35,59.3833,143.3,-4.5,83,100,11.54
281,Labrea,BR,2022-01-26 16:20:35,-7.2586,-64.7981,73.31,97,100,1.05
282,Kon Tum,VN,2022-01-26 16:20:36,14.35,108.0,63.82,97,21,3.15
283,Salalah,OM,2022-01-26 16:20:37,17.0151,54.0924,73.49,60,0,1.14
284,Adelaide,AU,2022-01-26 16:18:54,-34.9333,138.6,76.3,72,0,3.0
285,Madimba,TZ,2022-01-26 16:20:38,-10.4,40.3333,81.72,74,75,11.5
286,Lakeway,US,2022-01-26 16:18:54,30.3638,-97.9796,47.3,66,40,1.99
287,Pandamatenga,BW,2022-01-26 16:20:38,-18.5278,25.627,66.13,93,100,10.27
288,Beya,RU,2022-01-26 16:20:39,53.0533,90.9139,7.2,95,100,1.97
289,Najran,SA,2022-01-26 16:20:39,17.4924,44.1277,68.65,18,1,6.51
290,Businga,CD,2022-01-26 16:20:40,3.3333,20.8833,93.06,20,99,4.0
291,Arroyo,ES,2022-01-26 16:20:40,41.6096,-4.7969,56.71,39,0,6.91
292,Oistins,BB,2022-01-26 16:20:41,13.0667,-59.5333,82.49,61,20,13.8
293,Mahebourg,MU,2022-01-26 16:20:41,-20.4081,57.7,77.29,61,20,6.91
294,Katsuura,JP,2022-01-26 16:20:42,35.1333,140.3,44.15,80,75,9.15
295,Ancud,CL,2022-01-26 16:20:43,-41.8697,-73.8203,79.23,52,14,4.25
296,Jinka,ET,2022-01-26 16:20:43,5.65,36.65,75.15,27,10,1.45
297,Paamiut,GL,2022-01-26 16:20:44,61.994,-49.6678,19.45,71,100,7.67
298,Clyde River,CA,2022-01-26 16:20:45,70.4692,-68.5914,-9.17,84,100,34.52
299,Severo-Kurilsk,RU,2022-01-26 16:20:46,50.6789,156.125,25.41,77,53,13.42
300,Yanam,IN,2022-01-26 16:20:46,16.7333,82.2167,71.17,84,8,3.24
301,Buala,SB,2022-01-26 16:20:47,-8.145,159.5921,77.95,83,100,4.47
302,Terrace,CA,2022-01-26 16:15:49,54.5163,-128.6035,33.71,100,100,5.75
303,Creaca,RO,2022-01-26 16:20:47,47.2,23.25,28.18,98,99,2.15
304,San Jose,US,2022-01-26 16:20:48,37.3394,-121.895,49.91,88,100,0.0
305,Kidal,ML,2022-01-26 16:20:48,18.4411,1.4078,76.91,9,62,16.4
306,Biankouma,CI,2022-01-26 16:20:49,7.7391,-7.6138,93.13,10,0,4.27
307,Bahia Blanca,AR,2022-01-26 16:18:41,-38.7196,-62.2724,74.86,33,5,20.94
308,Moyale,KE,2022-01-26 16:20:50,3.5167,39.0584,78.73,21,2,12.35
309,Zatoka,UA,2022-01-26 16:20:50,46.0725,30.4654,30.74,91,100,13.67
310,Chacaltianguis,MX,2022-01-26 16:20:51,18.3333,-95.8333,71.98,83,99,7.78
311,Conakry,GN,2022-01-26 16:20:51,9.538,-13.6773,92.35,35,97,11.5
312,Ballina,AU,2022-01-26 16:20:52,-28.8667,153.5667,69.98,94,97,7.45
313,Sembe,CG,2022-01-26 16:20:52,1.6481,14.5806,95.65,17,36,4.81
314,Yubari,JP,2022-01-26 16:20:53,43.0378,141.9578,27.93,98,100,1.32
315,Carnarvon,AU,2022-01-26 16:18:45,-24.8667,113.6333,75.27,78,0,18.41
316,Mayya,RU,2022-01-26 16:20:54,61.7333,130.2811,-22.68,99,100,3.15
317,Mecca,SA,2022-01-26 16:20:54,21.4267,39.8261,71.01,59,14,15.37
318,Poum,NC,2022-01-26 16:20:55,-20.2333,164.0167,79.75,77,100,9.04
319,Bolshoy Lug,RU,2022-01-26 16:20:56,52.0779,104.0919,3.38,99,45,3.91
320,Quelimane,MZ,2022-01-26 16:21:56,-17.8786,36.8883,84.15,70,75,13.8
321,Bengkulu,ID,2022-01-26 16:21:57,-3.8004,102.2655,78.44,83,100,3.2
322,Bairiki,KI,2022-01-26 16:21:57,1.3292,172.9752,80.6,83,20,5.75
323,Presidencia Roque Saenz Pena,AR,2022-01-26 16:21:58,-26.7852,-60.4388,108.39,22,7,6.71
324,Virginia Beach,US,2022-01-26 16:18:54,36.8529,-75.978,35.02,57,100,1.99
325,Koumra,TD,2022-01-26 16:21:59,8.9126,17.5539,93.06,11,85,6.82
326,San Cristobal,VE,2022-01-26 16:21:59,7.7669,-72.225,73.58,57,93,3.78
327,Tukrah,LY,2022-01-26 16:22:00,32.5341,20.5791,52.68,63,71,19.53
328,Tancheng,CN,2022-01-26 16:22:00,27.4375,115.4976,48.22,92,100,4.12
329,Kavaratti,IN,2022-01-26 16:22:01,10.5669,72.642,78.53,51,59,5.61
330,Kaduy,RU,2022-01-26 16:22:01,59.2,37.15,1.09,100,53,2.64
331,Pitkyaranta,RU,2022-01-26 16:22:02,61.5734,31.4792,25.81,93,100,9.69
332,Jardim,BR,2022-01-26 16:22:03,-21.4803,-56.1381,98.74,33,84,5.77
333,Aojiang,CN,2022-01-26 16:22:03,22.9421,116.0359,67.01,90,10,8.81
334,Sitka,US,2022-01-26 16:22:04,57.0531,-135.33,33.69,86,40,6.91
335,Moerai,PF,2022-01-26 16:22:04,-22.4333,-151.3333,79.38,81,93,13.73
336,Kushiro,JP,2022-01-26 16:22:05,42.975,144.3747,24.76,94,100,7.54
337,Sterling,US,2022-01-26 16:22:05,39.0062,-77.4286,32.14,50,20,11.99
338,Juazeiro,BR,2022-01-26 16:22:06,-9.4117,-40.4986,87.98,55,40,8.05
339,Zhigansk,RU,2022-01-26 16:22:07,66.7697,123.3711,-10.57,98,100,6.29
340,Alice Springs,AU,2022-01-26 16:22:07,-23.7,133.8833,74.75,88,75,9.22
341,Gigmoto,PH,2022-01-26 16:22:08,13.7796,124.39,77.56,90,99,7.34
342,Pombas,CV,2022-01-26 16:22:09,17.1503,-25.0201,74.98,75,33,16.91
343,Bilma,NE,2022-01-26 16:22:09,18.6853,12.9164,70.66,14,9,11.59
344,Suluq,LY,2022-01-26 16:22:10,31.6682,20.2521,51.57,62,62,12.93
345,Muisne,EC,2022-01-26 16:22:10,0.6,-80.0333,80.6,76,95,5.39
346,Sola,VU,2022-01-26 16:22:11,-13.8833,167.55,82.67,75,100,8.57
347,Lorengau,PG,2022-01-26 16:22:11,-2.0226,147.2712,81.37,82,73,8.25
348,Tepalcatepec,MX,2022-01-26 16:22:12,19.1833,-102.85,77.94,43,0,0.6
349,Udimskiy,RU,2022-01-26 16:22:12,61.1417,45.9144,3.7,100,95,3.42
350,Naze,JP,2022-01-26 16:22:13,28.3667,129.4833,59.04,69,65,3.27
351,Talnakh,RU,2022-01-26 16:22:14,69.4865,88.3972,1.2,94,100,16.82
352,Mehamn,NO,2022-01-26 16:22:14,71.0357,27.8492,28.58,86,75,23.02
353,Usvyaty,RU,2022-01-26 16:22:14,55.7456,30.7533,6.22,100,60,3.98
354,Nsanje,MW,2022-01-26 16:22:15,-16.92,35.262,79.75,87,100,3.06
355,Ridgecrest,US,2022-01-26 16:17:49,35.6225,-117.6709,46.65,32,0,3.0
356,Huilong,CN,2022-01-26 16:22:16,31.8111,121.655,45.03,91,100,11.81
357,Mbanza-Ngungu,CD,2022-01-26 16:22:16,-5.25,14.8667,75.34,77,93,3.6
358,Gorontalo,ID,2022-01-26 16:22:17,0.5412,123.0595,75.69,94,82,2.95
359,Buraydah,SA,2022-01-26 16:22:17,26.326,43.975,72.05,29,0,8.81
360,Lautaro,CL,2022-01-26 16:22:18,-38.5167,-72.45,75.18,26,0,6.93
361,Dandong,CN,2022-01-26 16:20:24,40.1292,124.3947,18.07,49,26,8.1
362,Ostrovnoy,RU,2022-01-26 16:22:18,68.0531,39.5131,10.54,87,57,13.62
363,Ust-Koksa,RU,2022-01-26 16:22:19,50.2696,85.6108,4.5,85,100,1.3
364,Padang,ID,2022-01-26 16:22:20,-0.9492,100.3543,78.66,79,100,3.98
365,Siocon,PH,2022-01-26 16:22:20,7.7061,122.1353,79.07,89,95,10.0
366,Cam Ranh,VN,2022-01-26 16:19:07,11.9214,109.1591,75.16,78,20,8.05
367,Kruisfontein,ZA,2022-01-26 16:22:21,-34.0033,24.7314,69.89,85,100,12.26
368,Dawson,US,2022-01-26 16:22:22,31.7735,-84.4466,54.82,45,0,11.45
369,Boysun,UZ,2022-01-26 16:23:22,38.2061,67.1986,29.48,48,5,7.65
370,Erdenet,MN,2022-01-26 16:23:23,49.0333,104.0833,-8.64,97,7,3.44
371,San Patricio,US,2022-01-26 16:23:23,28.017,-97.5169,58.01,73,100,13.33
372,Iralaya,HN,2022-01-26 16:23:24,15.0,-83.2333,81.41,65,25,10.58
373,Frutal,BR,2022-01-26 16:23:24,-20.0247,-48.9406,88.72,48,75,3.24
374,Kijang,KR,2022-01-26 16:23:25,35.2442,129.2139,37.13,43,100,2.95
375,Maceio,BR,2022-01-26 16:18:42,-9.6658,-35.7353,89.04,58,75,14.97
376,Hamilton,US,2022-01-26 16:20:09,39.1834,-84.5333,18.09,63,0,1.99
377,Comodoro Rivadavia,AR,2022-01-26 16:23:26,-45.8667,-67.5,64.26,48,20,12.66
378,Kaitangata,NZ,2022-01-26 16:23:26,-46.2817,169.8464,51.93,76,65,11.12
379,Gay,RU,2022-01-26 16:23:27,51.4666,58.4552,12.72,97,93,5.61
380,Kiunga,PG,2022-01-26 16:23:28,-6.1219,141.2906,71.65,100,100,2.17
381,Beloha,MG,2022-01-26 16:23:28,-25.1667,45.05,74.19,73,0,19.57
382,Tskaltubo,GE,2022-01-26 16:23:29,42.3254,42.5979,40.14,75,75,4.61
383,La Macarena,CO,2022-01-26 16:23:29,2.1837,-73.7849,91.44,41,100,4.47
384,Santa Cruz,BO,2022-01-26 16:18:38,-17.8,-63.1667,91.45,52,75,23.02
385,Saint-Augustin,CA,2022-01-26 16:23:30,51.226,-58.6502,17.08,81,28,14.43
386,Bosaso,SO,2022-01-26 16:23:31,11.2842,49.1816,74.53,61,20,10.25
387,Havoysund,NO,2022-01-26 16:23:31,70.9963,24.6622,28.63,73,100,12.97
388,Komsomolskiy,UZ,2022-01-26 16:23:32,40.4272,71.7189,35.02,74,1,2.3
389,Arnold,GB,2022-01-26 16:23:32,53.0,-1.1333,47.86,75,17,11.95
390,Asau,RO,2022-01-26 16:23:33,46.4333,26.4,34.39,86,100,5.66
391,Hay River,CA,2022-01-26 16:23:34,60.8156,-115.7999,22.98,93,100,9.22
392,Opuwo,NA,2022-01-26 16:23:34,-18.0607,13.84,87.48,29,95,4.38
393,Tecpan,GT,2022-01-26 16:23:35,14.7623,-90.9947,61.56,54,14,4.94
394,Road Town,VG,2022-01-26 16:23:36,18.4167,-64.6167,84.24,51,20,11.5
395,Vanavara,RU,2022-01-26 16:23:36,60.34,102.2797,-16.15,100,84,1.39
396,Balabac,PH,2022-01-26 16:23:37,7.9868,117.0645,79.21,84,100,2.89
397,Dongying,CN,2022-01-26 16:19:41,37.4564,118.4856,30.2,65,99,4.47
398,Laguna,US,2022-01-26 16:23:38,38.421,-121.4238,49.78,92,0,0.0
399,Fukue,JP,2022-01-26 16:23:38,32.6881,128.8419,49.96,54,100,9.73
400,Myitkyina,MM,2022-01-26 16:23:39,25.3833,97.4,59.11,81,91,1.9
401,Vostok,RU,2022-01-26 16:23:39,46.4856,135.8833,-0.24,99,100,2.75
402,New Glasgow,CA,2022-01-26 16:23:40,45.5834,-62.6486,28.78,80,100,7.4
403,Tromso,NO,2022-01-26 16:21:48,69.6496,18.957,26.38,86,75,1.14
404,Chapada Dos Guimaraes,BR,2022-01-26 16:23:41,-15.4606,-55.7497,78.46,54,100,4.43
405,Cabo San Lucas,MX,2022-01-26 16:23:41,22.8909,-109.9124,72.14,48,0,3.44
406,Abu Zabad,SD,2022-01-26 16:23:42,12.35,29.25,77.13,15,100,15.79
407,Ibate,BR,2022-01-26 16:23:42,-21.9547,-47.9967,84.94,56,52,5.95
408,Pavino,RU,2022-01-26 16:23:43,59.1139,46.1414,6.24,99,97,2.33
409,Ahuimanu,US,2022-01-26 16:23:44,21.4447,-157.8378,73.11,77,100,1.01
410,Sioux Falls,US,2022-01-26 16:23:34,43.55,-96.7003,19.98,75,75,16.11
411,Dois Vizinhos,BR,2022-01-26 16:23:44,-25.7336,-53.0572,94.82,34,96,6.73
412,Truth Or Consequences,US,2022-01-26 16:23:45,33.1284,-107.2528,38.91,51,20,9.22
413,Nador,MA,2022-01-26 16:23:45,35.174,-2.9287,61.05,63,20,14.97
414,Maturin,VE,2022-01-26 16:22:10,9.75,-63.1767,88.72,40,15,7.85
415,Hatillo,PR,2022-01-26 16:23:46,18.4863,-66.8254,85.37,67,10,4.0
416,Luwingu,ZM,2022-01-26 16:23:47,-10.2621,29.9271,67.28,89,100,4.88
417,Chanute,US,2022-01-26 16:23:47,37.6792,-95.4572,21.31,45,75,10.36
418,Hit,IQ,2022-01-26 16:24:48,33.6416,42.8251,56.35,33,0,6.15
419,Xichang,CN,2022-01-26 16:24:48,27.8964,102.2634,44.33,71,8,1.81
420,Waipawa,NZ,2022-01-26 16:24:49,-41.4122,175.5153,56.03,86,59,19.77
421,Aitape,PG,2022-01-26 16:24:49,-3.1374,142.3475,78.1,87,65,1.81
422,Kargasok,RU,2022-01-26 16:24:50,59.0556,80.8572,-12.44,100,83,3.33
423,Port-Gentil,GA,2022-01-26 16:24:50,-0.7193,8.7815,84.16,74,20,10.36
424,Tucuma,BR,2022-01-26 16:24:51,-0.1833,-50.05,81.27,81,100,6.89
425,Vyyezdnoye,RU,2022-01-26 16:24:51,55.3815,43.7864,7.75,98,92,4.47
426,Narva-Joesuu,EE,2022-01-26 16:24:52,59.4589,28.0408,24.71,85,100,12.8
427,Nizhniy Odes,RU,2022-01-26 16:24:52,63.6445,54.856,14.52,95,100,6.22
428,Kirakira,SB,2022-01-26 16:24:53,-10.4544,161.9205,77.67,92,100,10.47
429,Olga,RU,2022-01-26 16:24:53,43.7444,135.2892,16.77,63,97,10.58
430,Karasjok,NO,2022-01-26 16:24:54,69.4719,25.5112,12.31,100,86,2.1
431,Hasaki,JP,2022-01-26 16:24:54,35.7333,140.8333,32.4,67,69,2.75
432,Sabang,ID,2022-01-26 16:24:55,5.8933,95.3214,82.58,74,62,12.06
433,San Rafael,AR,2022-01-26 16:24:55,-34.6177,-68.3301,83.91,46,1,16.24
434,Muli,MV,2022-01-26 16:24:56,2.9167,73.5667,81.03,67,92,15.84
435,Green River,US,2022-01-26 16:24:56,41.5286,-109.4662,18.0,75,17,1.01
436,Pemba,MZ,2022-01-26 16:24:57,-12.974,40.5178,79.43,80,100,9.84
437,Marang,MY,2022-01-26 16:24:58,5.2056,103.2059,78.71,82,6,3.42
438,Shawnee,US,2022-01-26 16:24:59,39.05,-95.7669,23.79,49,0,3.0
439,Egvekinot,RU,2022-01-26 16:24:59,66.3167,-179.1667,-28.16,88,31,2.53
440,Lynchburg,US,2022-01-26 16:24:36,37.4138,-79.1423,35.01,54,0,5.75
441,Honiara,SB,2022-01-26 16:22:17,-9.4333,159.95,76.03,94,100,4.52
442,Te Anau,NZ,2022-01-26 16:25:00,-45.4167,167.7167,41.97,89,43,1.01
443,Bandarbeyla,SO,2022-01-26 16:25:01,9.4942,50.8122,74.57,61,3,19.69
444,Tecoanapa,MX,2022-01-26 16:25:01,16.5167,-98.75,81.82,53,0,2.59
445,Arona,ES,2022-01-26 16:23:52,28.0996,-16.681,62.91,84,75,4.61
446,Booue,GA,2022-01-26 16:25:02,-0.0921,11.9385,88.45,51,58,4.34
447,Ulladulla,AU,2022-01-26 16:25:03,-35.35,150.4667,63.88,88,22,5.14
448,Fastovetskaya,RU,2022-01-26 16:25:03,45.9189,40.1589,29.21,94,100,5.06
449,Don Sak,TH,2022-01-26 16:25:04,9.3168,99.6918,78.93,81,24,12.12
450,Shubarkuduk,KZ,2022-01-26 16:25:04,49.1447,56.4872,27.16,96,100,9.89
451,Bojnurd,IR,2022-01-26 16:25:05,37.4747,57.329,35.55,48,0,6.91
452,Gat,IL,2022-01-26 16:25:05,31.61,34.7642,47.39,100,100,22.24
453,Fuxin,CN,2022-01-26 16:25:06,42.0156,121.6589,13.86,54,0,3.91
454,Puerto Leguizamo,CO,2022-01-26 16:25:06,-0.1934,-74.7819,83.88,65,100,1.52
455,Bakloh,IN,2022-01-26 16:25:07,32.4667,75.9167,41.85,80,8,3.74
456,Rancho Palos Verdes,US,2022-01-26 16:25:07,33.7445,-118.387,60.48,76,20,1.01
457,Katobu,ID,2022-01-26 16:25:08,-4.9408,122.5276,76.96,86,95,1.99
458,Aurich,DE,2022-01-26 16:25:08,53.4667,7.4833,41.92,94,75,11.5
459,Adjumani,UG,2022-01-26 16:25:09,3.3779,31.7909,89.28,19,29,3.89
460,Beringovskiy,RU,2022-01-26 16:25:10,63.05,179.3167,-6.38,100,99,3.24
461,Ganzhou,CN,2022-01-26 16:25:11,28.8184,115.4327,44.46,93,99,5.37
462,Hailun,CN,2022-01-26 16:25:11,47.45,126.9333,-15.54,100,94,3.02
463,Baturaja,ID,2022-01-26 16:26:12,-4.1333,104.1667,73.92,97,100,2.51
464,Muzhi,RU,2022-01-26 16:26:12,65.3667,64.6667,5.92,95,100,4.59
465,Tepelene,AL,2022-01-26 16:26:13,40.2958,20.0192,43.18,57,0,4.76
466,Boyabat,TR,2022-01-26 16:26:14,41.4689,34.7667,28.83,92,98,2.57
467,Miri,MY,2022-01-26 16:26:15,4.4148,114.0089,77.14,100,40,2.3
468,Muravlenko,RU,2022-01-26 16:26:15,63.7898,74.523,2.25,96,98,14.2
469,Douentza,ML,2022-01-26 16:26:16,14.9951,-2.9517,86.05,6,47,10.33
470,Ekhabi,RU,2022-01-26 16:26:16,53.5102,142.9671,-15.14,100,57,7.58
471,Bagan,RU,2022-01-26 16:26:17,54.1001,77.6646,-11.16,100,73,4.76
472,Kabo,CF,2022-01-26 16:26:17,7.6994,18.629,95.07,11,27,6.62
473,George Town,MY,2022-01-26 16:26:13,5.4112,100.3354,82.35,79,40,3.44
474,Christchurch,NZ,2022-01-26 16:24:21,-43.5333,172.6333,52.95,89,75,1.99
475,Pacific Grove,US,2022-01-26 16:22:11,36.6177,-121.9166,54.57,85,0,0.0
476,Bud,US,2022-01-26 16:26:19,39.447,-86.1758,13.05,67,0,3.69
477,Chabahar,IR,2022-01-26 16:26:19,25.2919,60.643,70.05,38,0,6.55
478,Saint Stephen,GB,2022-01-26 16:26:20,50.3333,-4.9,48.15,76,75,5.75
479,Coxim,BR,2022-01-26 16:26:20,-18.5067,-54.76,92.26,47,14,6.91
480,Salinopolis,BR,2022-01-26 16:26:21,-0.6136,-47.3561,81.48,80,83,8.7
481,Buluang,PH,2022-01-26 16:26:21,13.3068,123.3425,74.66,94,71,3.83
482,Rurrenabaque,BO,2022-01-26 16:26:22,-14.4413,-67.5278,91.29,66,75,6.91
483,Jasper,US,2022-01-26 16:26:03,37.2001,-94.3502,22.53,53,75,3.0
484,Pampa,US,2022-01-26 16:26:23,35.5362,-100.9599,23.04,86,100,9.22
485,Puerto El Triunfo,SV,2022-01-26 16:26:23,13.2833,-88.55,86.86,53,33,4.43
486,Rupert,US,2022-01-26 16:26:24,42.6191,-113.6772,12.15,79,40,3.44
487,Lempaala,FI,2022-01-26 16:26:24,61.3167,23.75,32.97,100,100,8.05
488,Chardara,KZ,2022-01-26 16:26:25,41.2547,67.9692,42.1,50,0,7.99
489,Bandar-E Lengeh,IR,2022-01-26 16:26:25,26.5579,54.8807,68.11,49,0,4.61
490,Zeya,RU,2022-01-26 16:26:26,53.75,127.2667,-8.16,91,5,3.78
491,Moree,AU,2022-01-26 16:26:26,-29.4667,149.85,69.82,88,50,11.5
492,Oksbol,DK,2022-01-26 16:26:27,55.6268,8.2876,44.89,93,88,18.03
493,Batemans Bay,AU,2022-01-26 16:26:27,-35.7167,150.1833,68.92,91,1,4.63
494,Mareeba,AU,2022-01-26 16:26:28,-17.0,145.4333,76.48,96,100,1.66
495,Yurginskoye,RU,2022-01-26 16:26:28,56.8189,67.3921,1.56,96,76,5.46
496,Kolondieba,ML,2022-01-26 16:26:29,11.0882,-6.8926,94.41,7,8,2.8
497,Cayenne,GF,2022-01-26 16:26:29,4.9333,-52.3333,82.44,78,75,11.5
498,Durazno,UY,2022-01-26 16:23:26,-33.4131,-56.5006,76.95,88,75,3.44
499,North Bend,US,2022-01-26 16:26:30,43.4065,-124.2243,42.13,75,0,10.36
500,Izazi,TZ,2022-01-26 16:26:30,-7.2,35.7333,81.43,79,99,4.72
501,Tura,IN,2022-01-26 16:26:31,25.5198,90.2201,59.79,66,81,2.44
502,Osa,RU,2022-01-26 16:26:31,57.2829,55.4567,2.79,98,99,3.62
503,Kjollefjord,NO,2022-01-26 16:26:32,70.9457,27.3465,28.45,86,75,23.02
504,Tessalit,ML,2022-01-26 16:26:32,20.1986,1.0114,75.87,11,97,16.24
505,Shitanjing,CN,2022-01-26 16:26:33,39.2342,106.3439,19.98,46,95,4.76
506,Mahajanga,MG,2022-01-26 16:26:33,-15.7167,46.3167,80.62,83,20,5.75
507,Tramore,IE,2022-01-26 16:26:34,52.1624,-7.1524,49.17,81,40,5.01
508,Praia,CV,2022-01-26 16:26:25,14.9215,-23.5087,79.34,61,0,24.16
509,Ulaangom,MN,2022-01-26 16:26:35,49.9811,92.0667,-18.72,95,100,3.67
510,Maniitsoq,GL,2022-01-26 16:26:35,65.4167,-52.9,8.74,84,98,7.07
511,Kruglolesskoye,RU,2022-01-26 16:27:36,44.6589,42.8142,26.69,91,100,7.63
512,Sonoita,MX,2022-01-26 16:27:37,31.85,-112.8333,53.89,30,100,4.32
513,Khasan,RU,2022-01-26 16:27:37,42.4308,130.6434,20.52,57,1,18.54
514,Halifax,CA,2022-01-26 16:27:24,44.6453,-63.5724,31.21,60,75,5.01
515,Flin Flon,CA,2022-01-26 16:23:42,54.7682,-101.865,17.44,79,100,19.57
516,Portsmouth,GB,2022-01-26 16:25:56,50.799,-1.0913,46.45,83,27,4.0
517,Bonthe,SL,2022-01-26 16:27:39,7.5264,-12.505,86.13,53,81,14.47
518,Shimoda,JP,2022-01-26 16:27:39,34.6667,138.95,43.11,83,73,5.41
519,Lipari,IT,2022-01-26 16:27:40,38.4674,14.954,54.16,69,90,13.82
520,Grindavik,IS,2022-01-26 16:27:40,63.8424,-22.4338,30.67,100,40,8.05
521,Dzemul,MX,2022-01-26 16:27:41,21.2,-89.3,79.05,60,21,4.83
522,Saint-Pierre,RE,2022-01-26 16:27:41,-21.3393,55.4781,76.68,69,75,12.66
523,Karratha,AU,2022-01-26 16:27:42,-20.7377,116.8463,82.29,64,0,14.5
524,Olafsvik,IS,2022-01-26 16:27:42,64.8945,-23.7142,36.01,58,100,10.18
525,Begoro,GH,2022-01-26 16:27:43,6.3871,-0.3774,91.58,12,23,5.08
526,Sembakung,ID,2022-01-26 16:27:43,3.8167,117.25,74.26,98,76,0.16
527,Faanui,PF,2022-01-26 16:27:44,-16.4833,-151.75,80.26,78,98,17.72
528,Georgiyevka,KZ,2022-01-26 16:27:44,43.0369,74.7114,24.84,93,20,2.24
529,Pringsewu,ID,2022-01-26 16:27:45,-5.3582,104.9744,75.24,94,100,1.28
530,Pangnirtung,CA,2022-01-26 16:27:46,66.1451,-65.7125,-14.8,76,75,5.75
531,Guia De Isora,ES,2022-01-26 16:27:46,28.2115,-16.7795,63.32,98,11,5.08
532,Aksarka,RU,2022-01-26 16:27:47,66.5606,67.7975,8.29,92,100,12.46
533,Spassk-Ryazanskiy,RU,2022-01-26 16:27:47,54.4072,40.3806,4.66,99,91,3.65
534,Deputatskiy,RU,2022-01-26 16:27:48,69.3,139.9,-20.0,89,95,5.06
535,Celestun,MX,2022-01-26 16:27:48,20.8667,-90.4,77.09,77,49,11.81
536,Byron Bay,AU,2022-01-26 16:27:49,-28.65,153.6167,73.29,78,92,7.49
537,Dawei,MM,2022-01-26 16:27:49,14.0833,98.2,70.9,61,40,3.71
538,Partyzany,UA,2022-01-26 16:27:50,46.3314,34.7503,26.28,87,100,2.48
539,Nhulunbuy,AU,2022-01-26 16:25:14,-12.2333,136.7667,81.21,94,40,8.05
540,Athabasca,CA,2022-01-26 16:27:51,54.7169,-113.2854,34.21,88,100,13.89
541,Lasa,IT,2022-01-26 16:27:51,46.6166,10.7002,49.08,80,1,6.78
542,Oparino,RU,2022-01-26 16:27:52,59.8518,48.2783,9.23,97,99,3.76
543,Eldorado,BR,2022-01-26 16:27:52,-23.7869,-54.2836,90.09,41,90,4.23
544,Mae Tha,TH,2022-01-26 16:27:53,18.4646,99.1403,71.96,40,0,1.61
545,Maple Creek,CA,2022-01-26 16:27:53,49.9168,-109.4848,33.85,64,52,11.5
546,Harbour Breton,CA,2022-01-26 16:27:54,47.4833,-55.7983,37.99,76,100,13.58
547,Sinnamary,GF,2022-01-26 16:27:54,5.3833,-52.95,80.28,74,17,9.26
548,Noshiro,JP,2022-01-26 16:27:55,40.2039,140.0242,34.88,83,100,10.56
549,Pontes E Lacerda,BR,2022-01-26 16:27:55,-15.2261,-59.3353,93.06,46,86,4.65
550,Del Rio,US,2022-01-26 16:27:55,29.3627,-100.8968,52.43,77,100,3.0
551,Nha Trang,VN,2022-01-26 16:27:56,12.25,109.1833,75.2,89,11,5.48
552,Ouadda,CF,2022-01-26 16:27:57,8.0777,22.4007,89.06,15,86,6.33
553,Haines Junction,CA,2022-01-26 16:27:57,60.7522,-137.5108,4.95,85,100,0.0
554,Puerto Escondido,MX,2022-01-26 16:27:58,15.85,-97.0667,83.23,74,40,3.44
555,Sangar,RU,2022-01-26 16:27:58,63.9242,127.4739,-22.02,97,100,4.59
556,Yilan,TW,2022-01-26 16:27:59,24.757,121.753,68.83,99,20,1.57
557,Portland,US,2022-01-26 16:27:18,45.5234,-122.6762,38.21,84,100,1.01
558,Marzuq,YE,2022-01-26 16:28:00,14.4,46.4667,65.71,50,0,3.83
559,Palmas Bellas,PA,2022-01-26 16:29:00,9.2319,-80.0867,87.71,61,100,10.31
560,Sakaiminato,JP,2022-01-26 16:29:01,35.55,133.2333,42.78,75,75,4.61
561,Piopio,NZ,2022-01-26 16:29:02,-38.4667,175.0167,62.44,91,64,5.44
562,Warri,NG,2022-01-26 16:29:02,5.5167,5.75,99.45,11,11,1.34
563,Rio Gallegos,AR,2022-01-26 16:29:03,-51.6226,-69.2181,59.05,36,0,21.85
564,Vao,NC,2022-01-26 16:29:03,-22.6667,167.4833,77.23,83,89,12.37
565,Eyrarbakki,IS,2022-01-26 16:29:04,63.863,-21.1481,31.24,85,100,5.06
566,Alihe,CN,2022-01-26 16:29:04,50.5667,123.7167,-6.56,99,14,3.2
567,Willmar,US,2022-01-26 16:29:05,45.1219,-95.0433,13.68,72,94,5.75
568,Solnechnyy,RU,2022-01-26 16:29:05,50.7214,136.6319,-9.62,98,40,3.2
569,Ambilobe,MG,2022-01-26 16:29:06,-13.2,49.05,75.56,91,100,0.54
570,Zonguldak,TR,2022-01-26 16:29:06,41.25,31.8333,21.11,98,100,2.98
571,Manacapuru,BR,2022-01-26 16:29:07,-3.2997,-60.6206,81.18,89,89,0.92
572,General Roca,AR,2022-01-26 16:29:07,-39.0333,-67.5833,77.4,35,87,17.63
573,Pochutla,MX,2022-01-26 16:29:08,15.7432,-96.4661,85.82,50,0,3.27
574,Emba,KZ,2022-01-26 16:29:08,48.8264,58.1442,16.74,92,100,8.52
575,Kimbe,PG,2022-01-26 16:29:09,-5.5502,150.1429,77.05,92,99,2.08
576,Arman,RU,2022-01-26 16:29:09,59.7,150.1667,-2.94,87,100,9.66
577,Meghri,AM,2022-01-26 16:29:10,38.9029,46.2446,31.35,66,2,3.96
578,Missoula,US,2022-01-26 16:25:01,47.0166,-113.8009,10.8,92,92,1.72
579,Maunabo,PR,2022-01-26 16:29:11,18.0072,-65.8993,84.47,74,64,13.67
580,Gualaquiza,EC,2022-01-26 16:29:11,-3.4,-78.55,64.99,99,100,0.22
581,Kloulklubed,PW,2022-01-26 16:29:12,7.0419,134.2556,77.5,80,89,19.57
